dilution,Cq,ng/uL
1,25.85667,36.575
0.5,26.98667,18.2875
0.25,27.99333,9.14375
0.125,29.03,4.571875
0.03321107,36.01,1.214694885
